{"cameraMode":{"drawMode":0,"name":"Shaded","section":"Shading Mode"},"sceneLighting":false,"audioPlay":false,"sceneViewState":{"showFog":true,"showMaterialUpdate":false,"showSkybox":true,"showFlares":true,"showImageEffects":true,"showParticleSystems":true},"in2DMode":false,"pivot":{"x":13.557999610900879,"y":0.9200000166893005,"z":9.390000343322754},"rotation":{"x":0.009797321632504464,"y":0.9373078346252441,"z":-0.3473600745201111,"w":0.026440540328621866},"size":2.0826096534729006,"orthographic":true}