{"cameraMode":{"drawMode":0,"name":"Shaded","section":"Shading Mode"},"sceneLighting":false,"audioPlay":false,"sceneViewState":{"showFog":true,"showMaterialUpdate":false,"showSkybox":true,"showFlares":true,"showImageEffects":true,"showParticleSystems":true},"in2DMode":false,"pivot":{"x":7.804924011230469,"y":2.694999933242798,"z":-11.0},"rotation":{"x":-0.002297973493114114,"y":-0.9951580762863159,"z":0.0952276736497879,"w":-0.024226652458310128},"size":9.24224853515625,"orthographic":true}