{"cameraMode":{"drawMode":0,"name":"Shaded","section":"Shading Mode"},"sceneLighting":false,"audioPlay":false,"sceneViewState":{"showFog":true,"showMaterialUpdate":false,"showSkybox":true,"showFlares":true,"showImageEffects":true,"showParticleSystems":true},"in2DMode":false,"pivot":{"x":0.9763675928115845,"y":1.7899999618530274,"z":8.111743927001954},"rotation":{"x":0.21629038453102113,"y":0.3446303904056549,"z":-0.08193151652812958,"w":0.9097998142242432},"size":7759.8505859375,"orthographic":true}